מק""ט,"שם תחנה",רחוב,בית,"שם עיר","קו אורך","קו רוחב","סוג תחנה","תחנת קצה","כמות קווים עוצרים","% נסיעות מעבר","נסיעות מתחנה ליעד","עצירות יומי","עצירות 04:00-06:00","עצירות 06:00-09:00","עצירות 09:00-12:00","עצירות 12:00-15:00","עצירות 15:00-19:00","עצירות 19:00-24:00","עצירות 24:00-04:00","תיקופים יומי","תיקופים 04:00-06:00","תיקופים 06:00-09:00","תיקופים 09:00-12:00","תיקופים 12:00-15:00","תיקופים 15:00-19:00","תיקופים 19:00-24:00","תיקופים 24:00-04:00"
19459,"העלייה/קדושי בגדד",העלייה,20,"באר שבע",34782299,31253136,"תחנה רגילה",רגילה,1,10.731052985,1.235412475,85,1,11,17,18,23,15,0,56.125,0.041666667,12.666666667,9.479166667,12.979166667,16.333333333,4.625,0
12130,"דרך שמשון/אברהם מחרז","דרך שמשון",0,"באר שבע",34782600,31254897,"תחנה רגילה",רגילה,3,7.006369427,1.356687898,93,0,9,17,20,27,20,0,13.395833333,0,3.270833333,1.5,3.770833333,3.479166667,1.375,0
12424,"דרך שמשון/אברהם מחרז","דרך שמשון",0,"באר שבע",34783309,31254058,"תחנה רגילה",רגילה,3,3.95256917,1.486166008,100,3,20,19,19,25,14,0,38.916666667,0.041666667,13.395833333,8.875,7.208333333,8.229166667,1.166666667,0
11091,"תיכון מקיף ג/דרך מצדה","דרך מצדה",176,"באר שבע",34780442,31258538,"תחנה רגילה",רגילה,4,8.050586058,1.372301049,131,1,16,28,31,36,19,0,102.791666667,0,6.791666667,15.020833333,47.3125,27.6875,5.979166667,0
18576,"מבצע יואב/מבצע נחשון","מבצע יואב",18,"באר שבע",34780959,31258891,"תחנה רגילה",רגילה,'-,'-,'-,'-,'-,'-,'-,'-,'-,'-,'-,1.5,0.5,0,0,0,1,0,0
19460,"תיכון מקיף ג'/דרך מצדה","דרך מצדה",93,"באר שבע",34781615,31258285,"תחנה רגילה",רגילה,5,4.511278195,1.626077389,148,5,34,26,28,39,16,0,365.25,8.895833333,74.104166667,75.041666667,115.9375,77.020833333,14.208333333,0.041666667
18577,"מבצע יואב/מבצע עובדה","מבצע יואב",19,"באר שבע",34780779,31259112,"תחנה רגילה",רגילה,'-,'-,'-,'-,'-,'-,'-,'-,'-,'-,'-,1,0,0,1,0,0,0,0
12202,"מבצע נחשון/מבצע יואב","מבצע נחשון",5,"באר שבע",34781157,31259416,"תחנה רגילה",רגילה,1,5.459508644,1.379435851,53,1,11,9,9,12,11,0,28.458333333,1.104166667,7.666666667,6.854166667,6.666666667,5,1.125,0.041666667
12281,"דרך מצדה/מבצע נחשון","דרך מצדה",154,"באר שבע",34783453,31258845,"תחנה רגילה",רגילה,5,12.231404959,1.436363636,139,1,16,28,31,41,22,0,21.8125,0,3.770833333,3.083333333,4.604166667,7.708333333,2.604166667,0.041666667
12203,"מבצע נחשון/מבצע דני","מבצע נחשון",13,"באר שבע",34782615,31259457,"תחנה רגילה",רגילה,'-,'-,'-,'-,'-,'-,'-,'-,'-,'-,'-,4.333333333,1,0.333333333,0,3,0,0,0
11100,"דרך המשחררים/דרך שמשון","דרך המשחררים",72,"באר שבע",34785786,31251214,"תחנה רגילה",רגילה,2,28.178694158,1.214776632,87,1,11,17,20,23,15,0,23.125,0,3.270833333,3.4375,5.416666667,6.9375,4.020833333,0.041666667
19425,"דרך המשחררים/דרך שמשון","דרך המשחררים",79,"באר שבע",34786284,31251237,"תחנה רגילה",רגילה,2,9.992193599,1.536299766,93,3,20,18,18,21,13,0,46.041666667,0.875,9.458333333,12.354166667,9.020833333,11.6875,2.645833333,0
11947,"יהודה הלוי/דרך המשחררים","יהודה הלוי",2,"באר שבע",34787061,31252406,"תחנה רגילה",רגילה,2,10.035087719,1.178245614,115,2,21,23,23,28,18,0,50.604166667,0,18.270833333,8.208333333,9.041666667,10.354166667,4.729166667,0
13265,ביאליק/בזל,"חיים נחמן ביאליק",88,"באר שבע",34789278,31248175,"תחנה רגילה",רגילה,8,14.826498423,1.155362776,247,1,37,47,50,67,45,0,85.958333333,0,9.875,12.979166667,18.791666667,31.375,12.9375,0
11116,ביאליק/בזל,"חיים נחמן ביאליק",89,"באר שבע",34789551,31248273,"תחנה רגילה",רגילה,8,9.14794576,1.563043918,262,5,57,48,51,60,41,0,145.3125,0.770833333,30.625,27.375,29,45.145833333,12.395833333,0
11746,סוקולוב/בזל,סוקולוב,14,"באר שבע",34790317,31247402,"תחנה רגילה",רגילה,1,0,1.5,2,0,0,0,2,0,0,0,1.4,0.2,0.2,0,0.8,0.2,0,0
12715,בזל/סוקולוב,בזל,0,"באר שבע",34790422,31247861,"תחנה רגילה",רגילה,4,14.384236453,1.155665025,210,2,31,43,44,55,35,0,35.458333333,0,7.645833333,5.458333333,8.520833333,11.1875,2.645833333,0
13271,סוקולוב/בזל,סוקולוב,5,"באר שבע",34791179,31247820,"תחנה רגילה",רגילה,2,11.931119311,1.617466175,132,3,27,26,25,32,19,0,33.375,0.208333333,7.166666667,9.166666667,6.458333333,8.333333333,2.041666667,0
13159,"דרך המשחררים/תל חי","דרך המשחררים",65,"באר שבע",34788936,31251825,"תחנה רגילה",רגילה,3,8.154859967,1.605436573,220,7,44,42,40,52,35,0,98.354166667,1.125,30.145833333,27.1875,18.1875,17.75,3.958333333,0
13146,"דרך המשחררים/בצלאל","דרך המשחררים",48,"באר שבע",34789186,31251992,"תחנה רגילה",רגילה,3,22.867420349,1.12692703,207,2,27,40,43,55,40,0,78.708333333,0.041666667,13.229166667,12.333333333,20.333333333,22.75,9.979166667,0.041666667
10088,"מכללת סמי שמעון/ביאליק","חיים נחמן ביאליק",54,"באר שבע",34790452,31250444,"תחנה רגילה",רגילה,'-,'-,'-,'-,'-,'-,'-,'-,'-,'-,'-,1.2,0.2,0.4,0.2,0.4,0,0,0
11294,"המכללה הטכנולוגית/דרך המשחררים","דרך המשחררים",47,"באר שבע",34791896,31251642,"תחנה רגילה",רגילה,8,14.215259646,1.588627792,380,11,81,70,70,87,61,0,121.770833333,0.583333333,26.375,28.125,26.833333333,31.666666667,8.1875,0
11293,"בי""""ס עמל/ביאליק","חיים נחמן ביאליק",65,"באר שבע",34791358,31252552,"תחנה רגילה",רגילה,3,19.113300493,1.224137931,145,1,24,29,30,37,24,0,55.5,0.208333333,14.166666667,11.104166667,11.479166667,13.75,4.791666667,0
11101,"דרך מצדה/בני אור","דרך מצדה",83,"באר שבע",34785640,31259008,"תחנה רגילה",רגילה,5,3.836460375,1.574628955,148,5,34,26,28,39,16,0,161.416666667,5.1875,47.125,39.75,33.875,29.916666667,5.5625,0
11107,"מרכז טניס סמסון/יהודה הלוי","יהודה הלוי",16,"באר שבע",34787748,31257254,"תחנה רגילה",רגילה,2,12.834224599,1.229946524,115,2,21,23,23,28,18,0,15,0,3.520833333,2.25,4.166666667,3.625,1.4375,0
11106,"מרכז טניס סמסון/יהודה הלוי","יהודה הלוי",0,"באר שבע",34787520,31257843,"תחנה רגילה",רגילה,2,12.482269504,1.443971631,115,2,18,22,23,29,21,0,35.645833333,0.25,7.166666667,7.25,10.645833333,7.020833333,3.3125,0
12204,"מבצע נחשון/שמעון בר גיורא","מבצע נחשון",43,"באר שבע",34786529,31260344,"תחנה רגילה",רגילה,2,15.254237288,1.336158192,52,1,11,9,9,12,10,0,9.75,0.041666667,1.958333333,1.541666667,1.666666667,3.5,1,0.041666667
13206,"דרך מצדה/יהודה הלוי","דרך מצדה",124,"באר שבע",34787042,31259173,"תחנה רגילה",רגילה,5,26.302083333,1.323784722,139,1,16,28,31,41,22,0,48.770833333,1,9.3125,8.604166667,10.5625,13.729166667,5.5,0.0625
11109,"יהודה הלוי/דרך מצדה","יהודה הלוי",0,"באר שבע",34787658,31259906,"תחנה רגילה",רגילה,2,8.799222168,1.441905688,165,5,33,32,32,38,25,0,81.5625,2.125,22.229166667,17.541666667,20.520833333,15.833333333,3.3125,0
11108,"יהודה הלוי/דרך מצדה","יהודה הלוי",24,"באר שבע",34787846,31259513,"תחנה רגילה",רגילה,3,29.45368171,1.199524941,173,1,29,34,35,45,29,0,45.5625,0.854166667,13.5,6.5,9.1875,11.395833333,4.125,0
12205,"שמעון בר גיורא/מבצע נחשון","שמעון בר גיורא",0,"באר שבע",34787030,31260427,"תחנה רגילה",רגילה,'-,'-,'-,'-,'-,'-,'-,'-,'-,'-,'-,3.5,0,0,0,3,0,0,0.5
11136,"מרכז חן/חיים נחמן ביאליק","חיים נחמן ביאליק",19,"באר שבע",34791508,31254135,"תחנה רגילה",רגילה,3,16.39654241,1.492976769,148,3,23,29,30,37,26,0,145.166666667,0.5,25.395833333,40.354166667,34.6875,36.333333333,7.895833333,0
13062,"מרכז חן/אינשטיין",איינשטיין,6,"באר שבע",34791438,31255110,"תחנה רגילה",רגילה,1,23.001631321,1.16639478,84,0,11,17,18,23,15,0,23.895833333,0.041666667,5.145833333,5.270833333,5.75,5.770833333,1.875,0.041666667
11292,"דרך מצדה/יהודה הלוי","דרך מצדה",75,"באר שבע",34788359,31258882,"תחנה רגילה",רגילה,8,10.523076923,1.459282051,294,9,61,53,59,77,35,0,164.041666667,4.708333333,42.041666667,40.458333333,37.0625,32.875,6.895833333,0
11122,איינשטיין/מנדלסון,איינשטיין,24,"באר שבע",34790683,31257016,"תחנה רגילה",רגילה,1,16.666666667,1.333333333,84,0,11,17,18,23,15,0,8.958333333,0,2.020833333,1.958333333,1.416666667,2.479166667,1.083333333,0
11133,"דרך מצדה/רבי טרפון","דרך מצדה",42,"באר שבע",34791508,31258507,"תחנה רגילה",רגילה,8,21.302325581,1.2,281,1,36,56,61,81,46,0,35.395833333,0,6.145833333,6.729166667,7.625,10.25,4.520833333,0.125
13056,"רבי עקיבא/שמעון בר גיורא","רבי עקיבא",68,"באר שבע",34790573,31260757,"תחנה רגילה",רגילה,'-,'-,'-,'-,'-,'-,'-,'-,'-,'-,'-,1,0,0.25,0,0.5,0.125,0.125,0
11145,"ויצמן/מגן דוד אדום",וייצמן,22,"באר שבע",34792940,31248633,"תחנה רגילה",רגילה,3,23.372781065,1.125,208,2,29,43,44,55,35,0,122.520833333,0.125,15.520833333,22.958333333,32.375,36.416666667,15.125,0
14330,"דואר/יצחק רגר","יצחק רגר",4,"באר שבע",34795886,31245028,"תחנה רגילה",רגילה,38,46.64823333,1.09180566,1471,20,228,282,294,380,262,5,2848.708333333,8.208333333,277.5625,605.583333333,739.875,868.833333333,348.479166667,0.166666667
19427,"וייצמן/מנדלי מוכר ספרים",וייצמן,11,"באר שבע",34794226,31247723,"תחנה רגילה",רגילה,3,15.63896336,1.655049151,223,6,45,44,43,53,32,0,36.979166667,0.458333333,8.375,9.958333333,8.333333333,8.333333333,1.520833333,0
13018,"וייצמן / בלפור",וייצמן,2,"באר שבע",34795872,31247022,"תחנה רגילה",רגילה,3,44.847870183,1.078701826,208,2,29,43,44,55,35,0,396.375,0.041666667,35.1875,90.041666667,105.020833333,121.479166667,44.604166667,0
19462,"אוסישקין/כיכר אליעזר קפלן",אוסישקין,4,"באר שבע",34792107,31249507,"תחנה רגילה",רגילה,1,12.377210216,1.637524558,91,3,18,18,18,21,13,0,30.1875,0.041666667,6.354166667,7.708333333,7.1875,7.9375,0.958333333,0
16353,"המכללה הטכנולוגית/דרך המשחררים","דרך המשחררים",30,"באר שבע",34792427,31251819,"תחנה רגילה",רגילה,6,13.920163767,1.121289662,191,1,28,33,38,54,37,0,70.916666667,0,14.145833333,8.333333333,19,21.770833333,7.666666667,0
12467,"שמעוני/דרך המשחררים",שמעוני,22,"באר שבע",34795614,31251770,"תחנה רגילה",רגילה,'-,'-,'-,'-,'-,'-,'-,'-,'-,'-,'-,1,0,0,0,0,0.666666667,0.333333333,0
14340,"יצחק רגר/וייצמן","יצחק רגר",0,"באר שבע",34796464,31246043,"תחנה רגילה",רגילה,29,45.643186516,1.119573859,737,17,145,139,133,175,127,1,457.541666667,0.125,22.4375,84.145833333,142.020833333,166.166666667,41.770833333,0.875
13459,"ויצמן / שד' רגר",וייצמן,0,"באר שבע",34796295,31246623,"תחנה רגילה",רגילה,3,41.195304162,1.524012807,223,6,45,44,43,53,32,0,36.979166667,0.125,6.125,13.375,8,7.833333333,1.520833333,0
19482,"הנרייטה סולד/מדרחוב התקווה","הנרייטה סולד",0,"באר שבע",34797891,31246893,"תחנה רגילה",רגילה,7,62.841628959,1.156108597,329,9,55,62,63,80,60,0,428.9375,8.0625,78.75,116.6875,103.875,97.520833333,24.041666667,0
13107,"בית רסקו/יצחק רגר","יצחק רגר",26,"באר שבע",34797811,31247534,"תחנה רגילה",רגילה,43,32.117637285,1.0724433,610,5,88,101,123,165,124,4,464.125,1.645833333,43.875,87.270833333,131.583333333,158.125,41.416666667,0.208333333
11297,"גן הראשונים/יצחק רגר","יצחק רגר",27,"באר שבע",34797645,31247889,"תחנה רגילה",רגילה,16,50.752574597,1.347768682,844,27,172,154,154,200,132,5,154.354166667,0.4375,29.104166667,39.6875,31.020833333,38.208333333,15.895833333,0
19819,"הנרייטה סולד/מדרחוב התקווה","הנרייטה סולד",0,"באר שבע",34798566,31246939,"תחנה רגילה",רגילה,7,31.859825928,1.262253779,326,9,50,63,63,82,58,1,183.604166667,0.854166667,12.520833333,46.625,55.708333333,56.875,10.75,0.270833333
15357,"עיריית באר שבע/יצחק רגר","יצחק רגר",36,"באר שבע",34798276,31249347,"תחנה רגילה",רגילה,15,27.73620799,1.118579581,618,8,96,117,123,163,106,5,322.270833333,1.145833333,30.041666667,65.708333333,79.145833333,101,45.145833333,0.083333333
15356,"עיריית באר שבע/יצחק רגר","יצחק רגר",37,"באר שבע",34798065,31250112,"תחנה רגילה",רגילה,70,31.818181818,1.30015674,1314,33,272,231,230,322,217,9,142.375,0.583333333,19.875,25.666666667,30.770833333,44.75,20.520833333,0.208333333
11296,"מכללת אתגר/דרך המשחררים","דרך המשחררים",7,"באר שבע",34796607,31251121,"תחנה רגילה",רגילה,7,18.518518519,1.52,289,8,63,52,52,66,48,0,47.270833333,0.25,8.583333333,11.854166667,10.041666667,12.270833333,4.270833333,0
11198,"משכן לאומנויות הבמה/דרך המשחררים","דרך המשחררים",8,"באר שבע",34796270,31251387,"תחנה רגילה",רגילה,7,43.052997749,1.093308778,275,1,39,50,56,77,52,0,168.104166667,0.208333333,35.270833333,29.75,37.291666667,42,23.541666667,0.041666667
12430,"יצחק רגר/שדרות שז""""ר","יצחק רגר",44,"באר שבע",34798681,31251284,"תחנה רגילה",רגילה,34,15.736607143,1.03125,341,2,56,52,64,90,77,0,27.583333333,0.125,4.583333333,3.083333333,8.229166667,7.479166667,4.083333333,0
12429,"יצחק רגר/ליאונרד ברנשטיין","יצחק רגר",45,"באר שבע",34798678,31252279,"תחנה רגילה",רגילה,10,25.565159574,1.399268617,577,17,113,104,106,139,93,5,114.416666667,0.083333333,12.520833333,27.979166667,37.520833333,29.020833333,7.291666667,0
12428,"יצחק רגר/ליאונרד ברנשטיין","יצחק רגר",50,"באר שבע",34799042,31252787,"תחנה רגילה",רגילה,12,31.111111111,1.114559387,561,10,89,107,106,141,99,9,77.416666667,0.083333333,9.416666667,16.229166667,20.270833333,20.354166667,10.729166667,0.333333333
11711,"מרכז חן/ביאליק","חיים נחמן ביאליק",15,"באר שבע",34792226,31254757,"תחנה רגילה",רגילה,'-,'-,'-,'-,'-,'-,'-,'-,'-,'-,'-,1.5,0,0.5,0.5,0,0,0.5,0
11146,"מרכז חן/אליעזר בן יהודה","אליעזר בן יהודה",5,"באר שבע",34792600,31254380,"תחנה רגילה",רגילה,2,3.715846995,1.283060109,61,1,13,12,12,14,9,0,55.0625,1.208333333,17.333333333,15.5,10.3125,8.0625,2.645833333,0
12466,"שמעוני/בן יהודה",שמעוני,10,"באר שבע",34795501,31254218,"תחנה רגילה",רגילה,'-,'-,'-,'-,'-,'-,'-,'-,'-,'-,'-,1,0,0.5,0.25,0,0.25,0,0
13553,"אליעזר בן יהודה/שמעוני","אליעזר בן יהודה",25,"באר שבע",34795175,31254449,"תחנה רגילה",רגילה,2,11.961722488,1.145933014,57,0,5,11,12,16,13,0,13.125,0,0.6875,3.104166667,3.4375,4.520833333,1.375,0
11175,"שמעוני/בן יהודה",שמעוני,5,"באר שבע",34795611,31254632,"תחנה רגילה",רגילה,2,2.575757576,1.188888889,61,1,13,12,12,14,9,0,48.4375,0.9375,16.6875,14.104166667,8.0625,6.75,1.895833333,0
11172,טשרניחובסקי,טשרניחובסקי,7,"באר שבע",34795050,31256561,"תחנה רגילה",רגילה,1,7.306889353,1.457202505,91,3,18,18,18,21,13,0,24.395833333,0.3125,4.3125,8.5,4.604166667,5.291666667,1.375,0
11132,"דרך מצדה/חז""""ל","דרך מצדה",43,"באר שבע",34792430,31258270,"תחנה רגילה",רגילה,8,6.980586534,1.495249897,294,9,61,53,59,77,35,0,80.958333333,1.458333333,23.125,21.5,16.145833333,14.458333333,4.229166667,0.041666667
12310,"רבי עקיבא/רבי טרפון","רבי עקיבא",26,"באר שבע",34792608,31259228,"תחנה רגילה",רגילה,'-,'-,'-,'-,'-,'-,'-,'-,'-,'-,'-,2.333333333,0,0.166666667,0,0,2,0.166666667,0
19428,חז""""ל/גרץ,חז''ל,11,"באר שבע",34794483,31257656,"תחנה רגילה",רגילה,1,9.411764706,1.176470588,84,0,11,17,18,23,15,0,4.75,0.041666667,0.708333333,0.9375,1.145833333,1.25,0.666666667,0
13086,"דרך מצדה/טשרניחובסקי","דרך מצדה",21,"באר שבע",34794338,31258285,"תחנה רגילה",רגילה,8,15.74983628,1.433202358,294,9,61,53,59,77,35,0,110.541666667,1.354166667,25.25,27.3125,24.458333333,27.145833333,5.020833333,0
13059,"דרך מצדה/יצחק אבינו","דרך מצדה",14,"באר שבע",34794353,31258457,"תחנה רגילה",רגילה,8,29.5367365,1.149896725,281,1,36,56,61,81,46,0,99.3125,0,10.833333333,13.9375,26.479166667,32.666666667,15.145833333,0.25
12309,"יצחק אבינו/רבי עקיבא","יצחק אבינו",28,"באר שבע",34794809,31258855,"תחנה רגילה",רגילה,'-,'-,'-,'-,'-,'-,'-,'-,'-,'-,'-,2.333333333,0,0.166666667,0.333333333,1.5,0.333333333,0,0
12300,"יצחק אבינו/שלמה המלך","יצחק אבינו",9,"באר שבע",34794727,31260598,"תחנה רגילה",רגילה,2,30.434782609,1.239130435,52,1,11,9,9,12,10,0,3.325,0,0.925,0.875,0.45,0.825,0.25,0
11714,"סורוקה מיון/ביאליק","חיים נחמן ביאליק",0,"באר שבע",34797772,31255548,"תחנה רגילה",רגילה,2,14.341932663,1.088325317,57,0,5,11,12,16,13,0,79.375,0,4.0625,9.1875,33.604166667,22.75,9.770833333,0
15334,"סורוקה מיון/יצחק רגר","יצחק רגר",0,"באר שבע",34798645,31255067,"תחנה רגילה",רגילה,14,16.942675159,1.377579618,637,21,129,115,115,150,98,9,434.229166667,2.3125,50.8125,81.708333333,149.5625,117.1875,32.645833333,0
11342,"סורוקה מיון/יצחק רגר","יצחק רגר",66,"באר שבע",34798679,31256367,"תחנה רגילה",רגילה,17,29.209121786,1.153323629,765,12,124,147,152,195,130,5,431.895833333,2.1875,52.833333333,67.770833333,158.5,110.958333333,39.645833333,0
19717,"סורוקה מיון/וינגייט",וינגייט,0,"באר שבע",34799765,31255482,"תחנה רגילה",רגילה,1,24.919835089,1.212551535,92,2,15,18,18,23,16,0,50.369565217,0.173913043,4.543478261,11.565217391,15.413043478,12.847826087,5.782608696,0.043478261
12574,"סורוקה מיון/וינגייט",וינגייט,0,"באר שבע",34799979,31255693,"תחנה רגילה",רגילה,1,7.216494845,1.701030928,90,3,15,18,18,21,15,0,4.6875,0.083333333,0.875,0.958333333,1.104166667,1.333333333,0.25,0.083333333
19429,"מרכז רפואי סורוקה/יצחק רגר","יצחק רגר",77,"באר שבע",34798150,31257795,"תחנה רגילה",רגילה,73,33.660871756,1.307482993,1348,30,265,237,241,339,227,9,670.541666667,1.4375,64.041666667,134.229166667,182.1875,224.895833333,63.625,0.125
11197,"מרכז רפואי סורוקה/דרך מצדה","דרך מצדה",2,"באר שבע",34797527,31258557,"תחנה רגילה",רגילה,9,44.670499779,1.092790801,249,2,36,48,52,70,41,0,372.6875,0.083333333,46.479166667,50.458333333,93.375,126.6875,55.3125,0.291666667
15332,"מרכז רפואי סורוקה/אוניברסיטת בן גוריון","יצחק רגר",87,"באר שבע",34798050,31260299,"תחנה רגילה",רגילה,2,19.696969697,1.439393939,65,3,13,12,12,14,11,0,12.083333333,0.041666667,1.145833333,2.625,3.166666667,4.1875,0.916666667,0
13106,"מרכז רפואי סורוקה/יצחק רגר","יצחק רגר",76,"באר שבע",34798444,31257664,"תחנה רגילה",רגילה,66,43.717720944,1.107672603,1104,20,195,187,206,281,206,9,657.291666667,14.6875,109.9375,102.604166667,162.354166667,176.708333333,89.333333333,1.666666667
15333,"מרכז רפואי סורוקה/אוניברסיטת בן גוריון","יצחק רגר",84,"באר שבע",34798363,31259219,"תחנה רגילה",רגילה,'-,0,1,'-,'-,'-,'-,'-,'-,'-,'-,1.875,0.125,0.25,0.25,0.25,0.625,0.375,0
13943,"מרכז רפואי סורוקה/בן גוריון","שדרות דוד בן גוריון",2,"באר שבע",34799588,31260912,"תחנה רגילה","קצה הורדה",35,9.005745691,1.027104671,392,4,69,61,77,102,79,0,286.604166667,0.291666667,23.020833333,29.791666667,83.791666667,116.729166667,32.9375,0.041666667
13002,"שאול המלך/יהושפט","שאול המלך",24,"באר שבע",34782497,31263746,"תחנה רגילה",רגילה,1,8.420502092,1.398535565,91,3,18,18,18,21,13,0,82.8125,1.729166667,27.041666667,17.375,18.041666667,15.291666667,3.291666667,0.041666667
18573,"שאול המלך/יהושפט","שאול המלך",39,"באר שבע",34783521,31263756,"תחנה רגילה",רגילה,1,24.390243902,1.365853659,85,1,11,17,18,23,15,0,7.0625,0.166666667,1.479166667,1.666666667,1.666666667,1.583333333,0.5,0
11089,"בי""""ס בנות חיל/יעקב דורי","יעקב דורי",13,"באר שבע",34782575,31266670,"תחנה רגילה",רגילה,2,11.501184579,1.323497739,167,5,33,30,30,37,27,5,160.458333333,3.583333333,48.041666667,31.625,33.5625,35.1875,8.458333333,0
18583,"בי""""ס בנות חיל/יעקב דורי","יעקב דורי",11,"באר שבע",34782623,31266780,"תחנה רגילה",רגילה,2,13.166976374,1.304751792,153,0,19,28,30,40,32,4,147.875,0.041666667,35.041666667,19.0625,35.104166667,44.791666667,13.833333333,0
11104,"שאול המלך/מרדכי מקלף","שאול המלך",6,"באר שבע",34786507,31264205,"תחנה רגילה",רגילה,1,8.644400786,1.357563851,91,3,18,18,18,21,13,0,96.75,1,23.416666667,20.75,25.145833333,21.895833333,4.541666667,0
18572,"שאול המלך/מבצע נחשון","שאול המלך",13,"באר שבע",34787013,31264044,"תחנה רגילה",רגילה,1,13.157894737,1.671052632,85,1,11,17,18,23,15,0,3.97826087,0,0.47826087,1.108695652,1.326086957,0.391304348,0.673913043,0
11592,"מרדכי מקלף/יעקב דורי","מרדכי מקלף",13,"באר שבע",34784058,31266714,"תחנה רגילה",רגילה,'-,11.458333333,1.302083333,'-,'-,'-,'-,'-,'-,'-,'-,24.8125,0.083333333,5.5625,5.291666667,5.270833333,6.916666667,1.645833333,0.041666667
11095,"מקיף אמי""""ת/מרדכי מקלף","מרדכי מקלף",5,"באר שבע",34785710,31265703,"תחנה רגילה",רגילה,2,4.995693368,1.413006029,182,6,36,36,36,42,26,0,152.916666667,2.125,35.875,29.020833333,50.958333333,29.979166667,4.916666667,0.041666667
19437,"בית אבות יונה/יעקב דורי","יעקב דורי",4,"באר שבע",34784128,31267499,"תחנה רגילה",רגילה,3,22.549218591,1.205398823,232,4,38,43,44,55,44,4,166.770833333,0.854166667,25.645833333,24.083333333,50.208333333,49.333333333,16.645833333,0
11096,"יהודה הלוי/סנהדרין","יהודה הלוי",0,"באר שבע",34785148,31268218,"תחנה רגילה",רגילה,3,50.714285714,1.292857143,197,2,33,38,39,51,29,5,5.673913043,0,1.152173913,1.304347826,1.391304348,1.47826087,0.347826087,0
19438,"יהודה הלוי/יעקב דורי","יהודה הלוי",103,"באר שבע",34785787,31267647,"תחנה רגילה",רגילה,2,14.655172414,1.429310345,86,2,15,14,18,23,14,0,52.6875,0.375,9.208333333,13.0625,12.75,14.0625,3.229166667,0
18571,"קרית חינוך אמי""""ת/מרדכי מקלף","מרדכי מקלף",8,"באר שבע",34786088,31265571,"תחנה רגילה",רגילה,2,5.648414986,1.255331412,169,1,22,34,36,46,30,0,54.145833333,0,4.416666667,5.6875,25.583333333,15.5625,2.895833333,0
11114,"מקיף ה'/יהודה הלוי","יהודה הלוי",0,"באר שבע",34787889,31266370,"תחנה רגילה",רגילה,2,5.373134328,1.12358209,89,1,18,17,17,22,14,0,61.25,0.041666667,3.604166667,5.916666667,26.708333333,22.479166667,2.5,0
13296,"סנהדרין/יהודה לוי",סנהדרין,125,"באר שבע",34786019,31268249,"תחנה רגילה",רגילה,2,22.112068966,1.375431034,175,5,34,30,30,38,28,10,164.395833333,2.083333333,40.0625,37.083333333,40.520833333,35,9.645833333,0
19887,"סנהדרין/בעלי התוספות",סנהדרין,150,"באר שבע",34787595,31268950,"תחנה רגילה",רגילה,2,11.705288176,1.307189542,164,1,24,29,30,40,31,9,83.5625,0.041666667,15.854166667,13.520833333,16.666666667,27.3125,10.166666667,0
11117,"בי""""ס מצפה/יהודה הלוי","יהודה הלוי",0,"באר שבע",34789037,31262853,"תחנה רגילה",רגילה,3,5.474705475,1.475629476,177,5,33,32,36,44,27,0,159.75,3.104166667,38.020833333,38.4375,42.333333333,31.895833333,5.958333333,0
13055,"בי""""ס מצפה/יהודה הלוי","יהודה הלוי",34,"באר שבע",34789309,31262989,"תחנה רגילה",רגילה,3,12.252964427,1.233201581,173,1,29,34,35,45,29,0,77.8125,0,15.5,12.520833333,23.5625,20.145833333,6.083333333,0
12302,"בית ספר אורים/דוד המלך","דוד המלך",37,"באר שבע",34790121,31264082,"תחנה רגילה",רגילה,1,7.324840764,1.540127389,53,1,11,9,9,12,11,0,43.354166667,0.541666667,10.8125,11.354166667,10.270833333,8.5,1.875,0
12304,"בית ספר אורים/דוד המלך","דוד המלך",16,"באר שבע",34790900,31264175,"תחנה רגילה",רגילה,2,24.937027708,1.259445844,52,1,11,9,9,12,10,0,11.145833333,0.083333333,1.270833333,2.979166667,2.916666667,2.770833333,1.125,0
19439,"מקיף ה'/יהודה הלוי","יהודה הלוי",93,"באר שבע",34788263,31265808,"תחנה רגילה",רגילה,2,4.192872117,1.492662474,86,2,15,14,18,23,14,0,69.645833333,1.416666667,9.604166667,16.208333333,24,15.854166667,2.5625,0
13053,"אבן עזרא/בעלי התוספות","אבן עזרא",9,"באר שבע",34786757,31270634,"תחנה רגילה",רגילה,2,6.961018298,1.480906921,195,4,35,36,36,47,32,5,85.083333333,1.083333333,25.020833333,26.854166667,14.708333333,14.354166667,3.0625,0
11744,"בעלי התוספות/התלמוד","בעלי התוספות",5,"באר שבע",34787712,31270022,"תחנה רגילה",רגילה,1,5.435620663,1.450269854,100,3,19,18,18,24,18,0,98.125,3.645833333,29.666666667,25.083333333,16.520833333,19.3125,3.895833333,0
11743,"בעלי התוספות/התלמוד","בעלי התוספות",12,"באר שבע",34787565,31270503,"תחנה רגילה",רגילה,1,15.789473684,1.710526316,99,3,18,18,18,24,18,0,2.45,0,0.65,0.475,0.625,0.45,0.2,0.05
13052,"בעלי התוספות/רמב""""ן","בעלי התוספות",20,"באר שבע",34786954,31271626,"תחנה רגילה",רגילה,2,11.570247934,1.892561983,194,4,34,36,36,47,32,5,6.25,0,1.770833333,1.0625,1.270833333,1.145833333,1,0
18563,"בעלי התוספות/רמב""""ן","בעלי התוספות",23,"באר שבע",34786768,31271816,"תחנה רגילה",רגילה,'-,'-,'-,'-,'-,'-,'-,'-,'-,'-,'-,1,0,0,0,0,1,0,0
13088,סנהדרין/רש""""י,סנהדרין,105,"באר שבע",34789009,31269400,"תחנה רגילה",רגילה,3,9.922099221,1.445401121,275,8,53,48,48,62,46,10,287.1875,5.791666667,85.6875,71.1875,50.729166667,57.270833333,16.479166667,0.041666667
11112,התלמוד/הזוהר,התלמוד,32,"באר שבע",34788027,31270322,"תחנה רגילה",רגילה,'-,'-,'-,'-,'-,'-,'-,'-,'-,'-,'-,1,0,0.333333333,0,0.333333333,0.333333333,0,0
13256,"הרבנות והמועצה הדתית/סנהדרין",סנהדרין,92,"באר שבע",34790263,31270237,"תחנה רגילה",רגילה,3,12.801575579,1.37469227,263,4,42,47,48,64,49,9,86.291666667,0.125,10.3125,11.770833333,21.729166667,34.708333333,7.645833333,0
13089,"הרבנות והמועצה הדתית/סנהדרין",סנהדרין,79,"באר שבע",34791477,31270814,"תחנה רגילה",רגילה,3,10.678109173,1.455261677,275,8,53,48,48,62,46,10,274.166666667,4.4375,69.083333333,55.666666667,55.75,74.645833333,14.583333333,0
13255,סנהדרין/שפרינצק,סנהדרין,68,"באר שבע",34791887,31271152,"תחנה רגילה",רגילה,3,17.615338526,1.398442181,263,4,42,47,48,64,49,9,62.458333333,0.125,6.666666667,10.145833333,17.645833333,22.041666667,5.833333333,0
12301,"אברהם אבינו/אלכסנדר ינאי","אברהם אבינו",19,"באר שבע",34793613,31263449,"תחנה רגילה",רגילה,1,19.381107492,1.368078176,53,1,11,9,9,12,11,0,16.125,0.083333333,4.895833333,4.395833333,3.104166667,2.833333333,0.8125,0
11149,"מרכז גילת/אברהם אבינו","אברהם אבינו",29,"באר שבע",34793601,31264565,"תחנה רגילה",רגילה,2,11.746689487,1.44662643,176,5,34,30,30,40,32,5,439.9375,3.708333333,101.8125,133.791666667,85.9375,90.75,23.9375,0
11150,"מרכז גילת/אברהם אבינו","אברהם אבינו",22,"באר שבע",34793709,31264681,"תחנה רגילה",רגילה,2,28.993125758,1.241609381,168,3,26,29,30,41,35,4,178.75,0.208333333,20.708333333,49.395833333,49.625,45.375,13.4375,0
12305,"יצחק אבינו/אברהם אבינו","יצחק אבינו",2,"באר שבע",34794688,31261531,"תחנה רגילה",רגילה,1,9.268292683,1.365853659,53,1,11,9,9,12,11,0,21.395833333,0.729166667,8.854166667,3.8125,3.166666667,3.541666667,1.291666667,0
11169,"כיכר האבות/אברהם אבינו","אברהם אבינו",4,"באר שבע",34794231,31262257,"תחנה רגילה",רגילה,4,23.469387755,1.241758242,220,4,37,38,39,53,45,4,48.770833333,0.125,6.791666667,11.395833333,11.1875,14.916666667,4.354166667,0
19441,"כיכר האבות/יעקב אבינו","יעקב אבינו",11,"באר שבע",34795233,31261793,"תחנה רגילה",רגילה,2,7.483921263,1.432859092,176,5,34,30,30,40,32,5,220.625,3.166666667,50.5625,53.333333333,44.1875,53.229166667,16.145833333,0
13257,"תחנת דלק/אברהם אבינו","אברהם אבינו",47,"באר שבע",34793199,31266949,"תחנה רגילה",רגילה,2,19.899244332,1.260285474,168,3,26,29,30,41,35,4,45.729166667,0.041666667,6.604166667,9.729166667,10.25,13.1875,5.916666667,0
13091,"אברהם אבינו/האיסיים","אברהם אבינו",57,"באר שבע",34792743,31267512,"תחנה רגילה",רגילה,2,7.521304187,1.412004446,176,5,34,30,30,40,32,5,104.145833333,3.104166667,24.104166667,30.5,19.979166667,20.4375,6.020833333,0
19442,"יעקב אבינו/אלכסנדר ינאי","יעקב אבינו",8,"באר שבע",34796560,31261984,"תחנה רגילה",רגילה,2,24.481865285,1.17357513,168,3,26,29,30,41,35,4,32.041666667,0.375,4.833333333,6.375,7.25,8.125,5.083333333,0
12215,"אוניברסיטת בן גוריון/יצחק רגר","יצחק רגר",92,"באר שבע",34798307,31261569,"תחנה רגילה",רגילה,'-,0,1,'-,'-,'-,'-,'-,'-,'-,'-,2.333333333,0.333333333,0.166666667,0,0,1.833333333,0,0
13115,"אוניברסיטת בן גוריון/יצחק רגר","יצחק רגר",135,"באר שבע",34798017,31264565,"תחנה רגילה",רגילה,10,6.426202322,1.471393035,213,7,45,40,38,50,28,5,117.708333333,0.645833333,22.5625,25.875,26.354166667,31.9375,10.333333333,0
13105,"יצחק רגר/יוסף בן מתתיהו","יצחק רגר",112,"באר שבע",34798262,31265114,"תחנה רגילה",רגילה,29,9.894710136,1.164150704,470,8,81,77,91,129,75,9,273.458333333,5.75,53.083333333,40.625,49.375,78.229166667,45.354166667,1.041666667
11737,"יצחק רגר/הרב סוסו הכהן","יצחק רגר",149,"באר שבע",34797983,31265706,"תחנה רגילה",רגילה,'-,0,1,'-,'-,'-,'-,'-,'-,'-,'-,1.333333333,0.333333333,0,0.333333333,0,0,0,0.666666667
11214,רינגלבלום/יעבץ,רינגלבלום,1,"באר שבע",34798937,31266159,"תחנה רגילה",רגילה,1,5.96875,1.4453125,99,3,19,18,18,22,14,5,111.958333333,0.375,27.8125,26.395833333,22.4375,29.145833333,5.791666667,0
13104,"רינגלבלום/יוסף בן מתתיהו",רינגלבלום,5,"באר שבע",34799711,31266069,"תחנה רגילה",רגילה,1,17.68558952,1.386462882,95,1,16,18,18,23,14,5,13.8125,0,2.1875,2.270833333,3.541666667,4.979166667,0.833333333,0
11225,רינגלבלום/ברנפלד,רינגלבלום,33,"באר שבע",34799607,31269124,"תחנה רגילה",רגילה,1,5.0789586,1.498506189,99,3,19,18,18,22,14,5,90.020833333,1.645833333,24.208333333,23.125,15.083333333,20.208333333,5.75,0
11156,"אברהם אבינו/שפרינצק","אברהם אבינו",85,"באר שבע",34793964,31269342,"תחנה רגילה",רגילה,2,10.244689433,1.432912073,176,5,34,30,30,40,32,5,141.104166667,1.75,34.583333333,37.208333333,28.083333333,33.333333333,6.104166667,0.041666667
11954,"שפרינצק/אברהם אבינו",שפרינצק,4,"באר שבע",34793801,31269990,"תחנה רגילה",רגילה,1,36.639118457,1.319559229,99,3,18,18,18,24,18,0,11.625,0.083333333,1.1875,3.208333333,3.541666667,2.6875,0.916666667,0
11955,"מרכז מוריה לקהילה ומורשת/אברהם אבינו","אברהם אבינו",56,"באר שבע",34794522,31269824,"תחנה רגילה",רגילה,1,17.11026616,1.236692015,69,0,8,11,12,17,17,4,40,0,5.5625,7.479166667,10.666666667,11.125,5.166666667,0
19508,"מרכז מוריה לקהילה ומורשת/אברהם אבינו","אברהם אבינו",0,"באר שבע",34795150,31270181,"תחנה רגילה",רגילה,1,19.58041958,1.318181818,76,2,15,12,12,16,14,5,32.875,0.041666667,7.708333333,7.354166667,7.895833333,7.25,2.625,0
11177,"הכנסת/גיורא יוספטל",הכנסת,1,"באר שבע",34796070,31271204,"תחנה רגילה",רגילה,'-,'-,'-,'-,'-,'-,'-,'-,'-,'-,'-,1,0,0,1,0,0,0,0
11158,"סנהדרין/הרב מיימון",סנהדרין,29,"באר שבע",34795284,31272431,"תחנה רגילה",רגילה,2,8.022085093,1.431633647,175,5,34,30,30,38,28,10,118.375,1.583333333,33.770833333,29.4375,25.0625,23.3125,5.208333333,0
11171,"סנהדרין/גיורא יוספטל",סנהדרין,26,"באר שבע",34795405,31272552,"תחנה רגילה",רגילה,2,18.463810931,1.258000985,164,1,24,29,30,40,31,9,89.833333333,0.125,16.375,13.979166667,27.083333333,24.666666667,7.604166667,0
13111,"מרכז אורן","אברהם אבינו",68,"באר שבע",34797168,31269732,"תחנה רגילה",רגילה,1,16.534849234,1.451062778,99,3,19,18,18,22,14,5,157.291666667,1.479166667,29.729166667,50.0625,34.395833333,34.958333333,6.666666667,0
13101,"מרכז אורן","אברהם אבינו",68,"באר שבע",34797198,31269818,"תחנה רגילה",רגילה,1,43.917525773,1.192783505,95,1,16,18,18,23,14,5,38.333333333,0.125,4.6875,7.25,9.729166667,11.3125,5.229166667,0
11738,"גיורא יוספטל/הכנסת","גיורא יוספטל",9,"באר שבע",34796470,31271004,"תחנה רגילה",רגילה,2,13.753408058,1.37443199,175,5,34,30,30,38,28,10,126.020833333,1.541666667,35.520833333,34.270833333,21.958333333,24.958333333,7.6875,0.083333333
12746,"יצחק רגר/אברהם אבינו","יצחק רגר",183,"באר שבע",34797939,31269418,"תחנה רגילה",רגילה,1,10.90487239,1.552204176,47,1,9,9,9,12,7,0,16.458333333,0.375,3.354166667,3.041666667,3.708333333,3.854166667,2.125,0
12743,"יצחק רגר/רינגלבלום","יצחק רגר",154,"באר שבע",34798155,31269819,"תחנה רגילה",רגילה,1,36.246418338,1.111747851,47,0,8,9,9,12,9,0,17.6875,0,2.895833333,2.666666667,4.208333333,6.125,1.791666667,0
13919,"מרכז אורן/יצחק רגר","יצחק רגר",0,"באר שבע",34797919,31271125,"תחנה רגילה",רגילה,30,12.954545455,1.538636364,369,11,84,64,60,89,57,4,17.104166667,0.625,4.604166667,3.791666667,2.5,4.1875,1.354166667,0.041666667
13100,"גיורא יוספטל/הכנסת","גיורא יוספטל",20,"באר שבע",34796557,31271626,"תחנה רגילה",רגילה,2,42.410932162,1.195705222,164,1,24,29,30,40,31,9,168.541666667,0.041666667,25.979166667,30.25,38.479166667,47.9375,25.8125,0.041666667
15359,"מרכז אורן/יצחק רגר","יצחק רגר",0,"באר שבע",34798070,31272046,"תחנה רגילה",רגילה,25,24.882629108,1.117203219,368,7,62,58,71,105,61,4,200.1875,4.5,60.333333333,23.041666667,33.208333333,51.375,25.5,2.229166667
11215,רינגלבלום/ברנפלד,רינגלבלום,120,"באר שבע",34799118,31269354,"תחנה רגילה",רגילה,1,12.968299712,1.510086455,95,1,16,18,18,23,14,5,14.458333333,0.041666667,1.9375,3.770833333,2.666666667,5.208333333,0.833333333,0
11230,"קופת חולים ג/הנרייטה סולד","הנרייטה סולד",2,"באר שבע",34801971,31247461,"תחנה רגילה",רגילה,8,30.44152913,1.490196078,360,10,58,70,69,90,62,1,268.729166667,1.229166667,25,81.541666667,76.979166667,69.791666667,13.854166667,0.333333333
13526,"בית נועם/שדרות שז""""ר","שדרות שז''ר",18,"באר שבע",34804099,31246113,"תחנה רגילה",רגילה,4,26.387009472,1.282814614,168,3,26,32,33,43,31,0,26.270833333,0.125,2.270833333,6.875,7.3125,7.979166667,1.708333333,0
13041,"קופת חולים ג/הנרייטה סולד","הנרייטה סולד",1,"באר שבע",34802365,31247485,"תחנה רגילה",רגילה,8,30.045619003,1.184835614,361,9,56,68,71,89,68,0,202.1875,0.458333333,20.3125,54.833333333,54.916666667,57,14.666666667,0
13236,"תיכון מקיף א/דרך השלום","דרך השלום",0,"באר שבע",34801036,31250751,"תחנה רגילה",רגילה,3,5.123339658,1.409867173,119,4,21,21,21,28,24,0,81.854166667,0.166666667,5.791666667,14.708333333,37.895833333,18.416666667,4.583333333,0.291666667
11227,"תיכון מקיף א/דרך השלום","דרך השלום",4,"באר שבע",34801676,31251480,"תחנה רגילה",רגילה,3,15.247776366,1.242693774,123,3,25,21,21,28,25,0,26.104166667,0,2.854166667,3.5,9.5,7.833333333,2.416666667,0
19450,"גאולים/אסירי ציון",גאולים,7,"באר שבע",34803376,31248978,"תחנה רגילה",רגילה,1,7.92864222,1.647670961,92,2,15,18,18,23,16,0,77.25,0.25,13.041666667,28.229166667,18.666666667,14.333333333,2.729166667,0
13450,"גאולים/אסירי ציון",גאולים,14,"באר שבע",34803733,31248823,"תחנה רגילה",רגילה,1,12.849162011,1.363128492,90,3,15,18,18,21,15,0,21.666666667,0,6.25,4.5,5.604166667,4.25,1.0625,0
11234,"בית נועם/שז""""ר","שדרות שז''ר",35,"באר שבע",34804642,31245602,"תחנה רגילה",רגילה,5,21.338912134,1.581241283,199,4,32,40,39,51,32,1,118.458333333,0,3.9375,35.166666667,35,37.666666667,6.6875,0
13451,"בה""""ס דגניה/ז'בוטינסקי",ז'בוטינסקי,4,"באר שבע",34807178,31247941,"תחנה רגילה",רגילה,1,12.430939227,1.399171271,90,3,15,18,18,21,15,0,18.4375,0.083333333,2.958333333,4.645833333,5.479166667,4.229166667,1.041666667,0
11245,"בה""""ס דגניה/המעפילים",המעפילים,3,"באר שבע",34807099,31248691,"תחנה רגילה",רגילה,1,5.139882889,1.54066363,92,2,15,18,18,23,16,0,62.875,0.5,16.375,14.333333333,15.208333333,13.458333333,3,0
11246,"המעפילים/עולי הגרדום",המעפילים,15,"באר שבע",34807091,31250461,"תחנה רגילה",רגילה,1,5.686125853,1.619408643,92,2,15,18,18,23,16,0,94.75,0.5,23.333333333,27.520833333,20.479166667,19.6875,3.229166667,0
13234,"דרך השלום/ארלוזורוב","דרך השלום",61,"באר שבע",34806899,31252022,"תחנה רגילה",רגילה,3,5.893536122,1.45865019,119,4,21,21,21,28,24,0,81.958333333,3.4375,15.75,13.25,26.5625,17.520833333,5.395833333,0.041666667
13034,"מרכז אורות/דרך השלום","דרך השלום",52,"באר שבע",34808067,31251753,"תחנה רגילה",רגילה,3,8.204633205,1.481660232,123,3,25,21,21,28,25,0,45.25,1.020833333,16.395833333,5.979166667,8.354166667,10.020833333,3.479166667,0
13049,וינגייט/גולומב,וינגייט,80,"באר שבע",34801892,31255745,"תחנה רגילה",רגילה,1,6.825938567,1.638225256,90,3,15,18,18,21,15,0,7.891304348,0,2.456521739,1.695652174,1.869565217,1.456521739,0.413043478,0
13235,"דרך השלום/יד ושם","דרך השלום",23,"באר שבע",34803659,31252966,"תחנה רגילה",רגילה,3,4.480519481,1.373051948,119,4,21,21,21,28,24,0,111.916666667,1.916666667,12.895833333,22.958333333,47.1875,21.854166667,4.9375,0.166666667
19718,וינגייט/גולומב,וינגייט,51,"באר שבע",34802658,31255714,"תחנה רגילה",רגילה,1,20.683287165,1.318559557,92,2,15,18,18,23,16,0,24.916666667,0.083333333,5.5625,5.520833333,6.270833333,6.020833333,1.458333333,0
13949,"מרפאות חוץ סורוקה/אוניברסיטת בן גוריון","שדרות דוד בן גוריון",3,"באר שבע",34800344,31261085,"תחנה רגילה","קצה עליה",42,13.087668593,1.257129094,807,9,130,142,155,215,152,4,643.416666667,0.375,19.479166667,149.291666667,196.104166667,209.25,68.916666667,0
13518,"מרפאות חוץ סורוקה/אוניברסיטת בן גוריון","שדרות דוד בן גוריון",0,"באר שבע",34801561,31260863,"תחנה רגילה",רגילה,7,27.758894176,1.288919103,411,9,72,78,78,98,71,5,162.958333333,0.5,22.1875,32.083333333,44.729166667,51.104166667,12.3125,0.041666667
11233,"דרך השלום/יד ושם","דרך השלום",26,"באר שבע",34804381,31252915,"תחנה רגילה",רגילה,3,11.292073833,1.431053203,123,3,25,21,21,28,25,0,29.520833333,2.208333333,5.75,6.083333333,6.520833333,7,1.958333333,0
11236,"בה""""ס נטעים/וינגייט",וינגייט,50,"באר שבע",34804673,31255901,"תחנה רגילה",רגילה,1,6.735751295,1.852331606,90,3,15,18,18,21,15,0,12.583333333,0.125,3.145833333,2.854166667,2.583333333,2.854166667,1.020833333,0
19719,וינגייט/ארלוזורוב,וינגייט,39,"באר שבע",34805038,31255806,"תחנה רגילה",רגילה,1,13.452914798,1.331838565,92,2,15,18,18,23,16,0,105.217391304,0.673913043,26.804347826,30.695652174,23.434782609,20,3.608695652,0
11249,"וינגייט/גוש עציון",וינגייט,28,"באר שבע",34807462,31256302,"תחנה רגילה",רגילה,1,6.034482759,1.70210728,90,3,15,18,18,21,15,0,37.25,1.8125,7.416666667,13.645833333,6.270833333,6.041666667,2.0625,0
19720,"וינגייט/חביבה רייק",וינגייט,17,"באר שבע",34808365,31256345,"תחנה רגילה",רגילה,1,5.756395996,1.46996663,92,2,15,18,18,23,16,0,1.333333333,0.333333333,0,0,0,0.666666667,0.333333333,0
13983,"מרכז הספורט אוניברסיטת בן גוריון","שדרות דוד בן גוריון",7,"באר שבע",34805447,31260957,"תחנה רגילה",רגילה,39,28.059483179,1.248049732,771,9,129,136,147,203,143,4,274.541666667,0.5,23.104166667,49.833333333,69.75,95.395833333,35.958333333,0
13992,"מעונות הסטודנטים/שדרות בן גוריון","שדרות דוד בן גוריון",8,"באר שבע",34806382,31260746,"תחנה רגילה",רגילה,34,28.461707264,1.185648453,725,16,124,123,138,182,137,5,151.291666667,1.041666667,27.375,23.25,34.5,49.604166667,15.4375,0.083333333
11601,"תחנת רכבת/שדרות דוד בן גוריון","שדרות דוד בן גוריון",11,"באר שבע",34807920,31260876,"תחנה רגילה",רגילה,39,26.077637533,1.109073589,747,8,124,130,141,197,141,6,293.979166667,0.041666667,21.6875,35.229166667,52.708333333,109.895833333,74.291666667,0.125
11253,"בי""""ס דגניה/ז'בוטינסקי",ז'בוטינסקי,24,"באר שבע",34809175,31249085,"תחנה רגילה",רגילה,1,7.648725212,1.47592068,90,3,15,18,18,21,15,0,8.9375,0.041666667,2.645833333,1.625,2.125,2,0.458333333,0.041666667
13448,"מרכז אורות/ז'בוטינסקי",ז'בוטינסקי,54,"באר שבע",34809137,31251830,"תחנה רגילה",רגילה,1,8.398950131,1.524934383,90,3,15,18,18,21,15,0,25.645833333,0.291666667,7.1875,6.625,4.208333333,5.604166667,1.729166667,0
11256,"דרך השלום/גוש עציון","דרך השלום",83,"באר שבע",34809592,31253413,"תחנה רגילה",רגילה,4,8.419889503,1.491049724,211,6,36,39,39,51,40,0,183.541666667,4.479166667,48.208333333,43.8125,35.145833333,41.0625,10.625,0.208333333
11259,"דרך השלום/הנדיב","דרך השלום",76,"באר שבע",34810124,31254483,"תחנה רגילה",רגילה,4,11.951909477,1.523338048,213,6,40,39,39,49,40,0,53.25,2.083333333,14.666666667,9.895833333,11.416666667,11.229166667,3.916666667,0.041666667
11254,"וינגייט/חנה סנש",וינגייט,10,"באר שבע",34809418,31256505,"תחנה רגילה",רגילה,1,9.025270758,1.653429603,90,3,15,18,18,21,15,0,21.9375,1.4375,5.541666667,5.3125,4.041666667,4.125,1.4375,0.041666667
11258,"דרך השלום/וינגייט","דרך השלום",111,"באר שבע",34810357,31255479,"תחנה רגילה",רגילה,4,9.679514942,1.495236033,211,6,36,39,39,51,40,0,189.5,5.020833333,53.083333333,47.1875,32.125,40.520833333,11.5625,0
11602,"תחנת רכבת/שדרות דוד בן גוריון","שדרות דוד בן גוריון",14,"באר שבע",34809044,31260328,"תחנה רגילה",רגילה,40,28.693610599,1.155794063,713,13,116,119,137,182,140,6,217.5,0.604166667,56.1875,33.270833333,35.166666667,65.25,26.895833333,0.125
14381,"שדרות דוד בן גוריון/דרך השלום","שדרות דוד בן גוריון",30,"באר שבע",34811461,31258157,"תחנה רגילה",רגילה,22,17.822169996,1.223658441,316,6,50,52,62,82,64,0,109.770833333,0.166666667,20.479166667,14.479166667,24.166666667,41.458333333,9.020833333,0
13485,"שדרות דוד בן גוריון/דרך השלום","שדרות דוד בן גוריון",34,"באר שבע",34812060,31257330,"תחנה רגילה",רגילה,6,9.126984127,1.273015873,183,3,37,31,35,49,28,0,50.166666667,0.125,4,5.479166667,10.375,24.770833333,5.416666667,0
14379,"שדרות דוד בן גוריון/יהושע הצורף","שדרות דוד בן גוריון",29,"באר שבע",34811784,31258113,"תחנה רגילה",רגילה,33,13.942816802,1.226438405,645,6,108,111,123,172,119,6,219.020833333,0.125,15.854166667,19.791666667,51.416666667,98.708333333,33.125,0
14395,"שדרות דוד בן גוריון/האורגים","שדרות דוד בן גוריון",0,"באר שבע",34814256,31253969,"תחנה רגילה",רגילה,29,23.657927591,1.224719101,427,3,85,74,79,112,72,2,36.770833333,0.041666667,1.583333333,4.208333333,6.145833333,19.625,5.166666667,0
13530,"יהודה הנחתום/יהושע הצורף","יהודה הנחתום",6,"באר שבע",34814436,31255718,"תחנה רגילה",רגילה,'-,'-,'-,'-,'-,'-,'-,'-,'-,'-,'-,1.166666667,0,0,0.5,0,0.666666667,0,0
13519,"יהודה הנחתום/יהושע הצורף","יהודה הנחתום",7,"באר שבע",34814489,31255830,"תחנה רגילה",רגילה,'-,'-,'-,'-,'-,'-,'-,'-,'-,'-,'-,1,0,0.333333333,0,0.333333333,0.333333333,0,0
13557,"יהושע הצורף/יהודה הנחתום","יהושע הצורף",4,"באר שבע",34813377,31257753,"תחנה רגילה","קצה הורדה",10,9.102815979,1.338572364,278,4,49,50,52,66,51,6,59.625,0,4.208333333,5.708333333,12.541666667,29.666666667,7.25,0.25
10021,"יהושע הצורף","יהושע הצורף",9,"באר שבע",34814270,31257408,"תחנה רגילה","קצה עליה",10,11.068249258,1.279228487,269,1,31,47,53,73,60,4,184.4375,0,4.770833333,11.6875,43.541666667,101.229166667,23.208333333,0
13113,רינגלבלום/קלאוזנר,רינגלבלום,15,"באר שבע",34800285,31267531,"תחנה רגילה",רגילה,1,5.682715075,1.514206788,99,3,19,18,18,22,14,5,109.395833333,0.458333333,27.104166667,24.354166667,25.395833333,24.5,7.583333333,0
11226,"רינגלבלום/בנימין מטודלה",רינגלבלום,46,"באר שבע",34800403,31268001,"תחנה רגילה",רגילה,1,11.221122112,1.377887789,95,1,16,18,18,23,14,5,23.875,0.041666667,5.0625,4.104166667,5.770833333,6.791666667,2.104166667,0
19733,"בי""""ס תיכון מקיף ז/ההשכלה",ההשכלה,0,"באר שבע",34803358,31268950,"תחנה רגילה",רגילה,2,0.840336134,1.067226891,4,0,2,0,2,0,0,0,4.5,0,0.382352941,0,4.058823529,0,0.058823529,0
14454,"מרכז הספורט אוניברסיטת בן גוריון","שדרות אורי צבי גרינברג",0,"באר שבע",34806037,31261391,"תחנה רגילה",רגילה,6,41.405433647,1.053814002,271,5,44,49,48,68,55,2,269.5625,0,30.145833333,31.770833333,68.6875,94.208333333,44.291666667,0.458333333
13591,הדעת/המדע,הדעת,40,"באר שבע",34806063,31268377,"תחנה רגילה",רגילה,2,9.610983982,1.155606407,60,0,7,12,12,16,13,0,10.347826087,0,0.347826087,1.847826087,4.869565217,2.369565217,0.913043478,0
13781,"אורי צבי גרינברג/הדעת","שדרות אורי צבי גרינברג",0,"באר שבע",34808351,31266936,"תחנה רגילה",רגילה,4,10.901162791,1.3875,188,8,33,33,33,45,36,0,118.416666667,1.104166667,30.5,25.770833333,26.395833333,26.916666667,7.729166667,0
11986,הדעת/המדע,הדעת,0,"באר שבע",34806705,31267983,"תחנה רגילה",רגילה,2,5.020242915,1.385425101,119,4,22,21,21,29,22,0,25.565217391,0.173913043,6.673913043,7.173913043,5.913043478,4.108695652,1.52173913,0
11243,המדע/נויפלד,המדע,8,"באר שבע",34806705,31268819,"תחנה רגילה",רגילה,1,12.072892938,1.125284738,55,0,7,9,9,16,12,2,17.916666667,0,2.395833333,2.208333333,7.583333333,4.041666667,1.645833333,0.041666667
12672,"הדעת/אורי צבי גרינברג",הדעת,6,"באר שבע",34808120,31267728,"תחנה רגילה",רגילה,2,'-,'-,114,0,13,21,21,32,25,2,1.2,0.2,0,0,0.2,0.2,0.4,0.2
13695,"מקיף ז'/הדעת",הדעת,74,"באר שבע",34804243,31269805,"תחנה רגילה",רגילה,1,3.835145965,1.538637665,63,2,12,12,12,14,11,0,71.458333333,0.125,12.729166667,14.104166667,21.6875,18.3125,4.5,0
13593,"מקיף ז'/הדעת",הדעת,80,"באר שבע",34803921,31270551,"תחנה רגילה",רגילה,2,7.77027027,1.10472973,60,0,7,12,12,16,13,0,32.75,0,1.5,6.541666667,16.8125,6.270833333,1.625,0
13637,"בי""""ס רמות/הדעת",הדעת,98,"באר שבע",34803434,31273413,"תחנה רגילה",רגילה,2,6.417112299,1.144385027,60,0,7,12,12,16,13,0,9.3125,0,0.604166667,1.479166667,4.104166667,2.75,0.375,0
13677,"בי""""ס רמות/הדעת",הדעת,102,"באר שבע",34803781,31273954,"תחנה רגילה",רגילה,1,4.53482936,1.495558672,63,2,12,12,12,14,11,0,90.291666667,1.125,23.9375,19.75,19.979166667,21.791666667,3.708333333,0
11242,המדע/נויפלד,המדע,7,"באר שבע",34806829,31269347,"תחנה רגילה",רגילה,1,5.934718101,1.53115727,56,2,10,9,9,15,11,0,11.717391304,0,3.043478261,2.391304348,2.97826087,2.739130435,0.565217391,0
11248,"מרכז שיקום """"אילן""""/המדע",המדע,0,"באר שבע",34807502,31271250,"תחנה רגילה",רגילה,1,3.603603604,1.485199485,56,2,10,9,9,15,11,0,40.4375,0.25,10.708333333,10.9375,7.375,8.604166667,2.5625,0
18538,המדע/ריינר,המדע,76,"באר שבע",34807298,31272013,"תחנה רגילה",רגילה,1,3.903903904,1.231231231,55,0,7,9,9,16,12,2,14.416666667,0,2.625,2.145833333,5.166666667,3.291666667,1.145833333,0.041666667
11237,"מרכז גל/המדע",המדע,45,"באר שבע",34804690,31274327,"תחנה רגילה",רגילה,1,4.237288136,1.42690678,56,2,10,9,9,15,11,0,24.5625,0.291666667,7.791666667,4.604166667,4.875,5.583333333,1.416666667,0
10846,"ת. רכבת ב""""ש צפון",'-,0,"באר שבע",34808639,31261085,"ליד רכבת","קצה עליה והורדה",5,35.071090047,1.204976303,120,1,15,24,24,31,24,1,85.166666667,0,15.416666667,34.479166667,11.270833333,18.354166667,5.604166667,0.041666667
16067,"ת. רכבת ב""""ש צפון",'-,0,"באר שבע",34809230,31261714,"ליד רכבת","קצה עליה והורדה",2,32.369277916,1.272553151,182,5,30,36,36,44,31,0,298.020833333,0.770833333,46.6875,72.020833333,68.354166667,77.375,32.770833333,0.041666667
17082,"באר שבע צפון","מסילת ברזל",0,"באר שבע",34809286,31262089,רכבת,רגילה,'-,11.596636834,1.097341106,'-,'-,'-,'-,'-,'-,'-,'-,3121.416666667,113.645833333,1169.708333333,305.854166667,442.520833333,937.395833333,150.125,2.166666667
17082,"באר שבע צפון","מסילת ברזל",0,"באר שבע",34809286,31262089,רכבת,רגילה,'-,11.596636834,1.097341106,'-,'-,'-,'-,'-,'-,'-,'-,3121.416666667,113.645833333,1169.708333333,305.854166667,442.520833333,937.395833333,150.125,2.166666667
12036,"גשר ת. רכבת ב""""ש צפון/נתן רוזן","שדרות פרופ' נתן רוזן",0,"באר שבע",34810350,31262706,"ליד רכבת",רגילה,'-,'-,'-,'-,'-,'-,'-,'-,'-,'-,'-,1,0,1,0,0,0,0,0
12555,"גשר ת. רכבת ב""""ש צפון/נתן רוזן","שדרות פרופ' נתן רוזן",0,"באר שבע",34809517,31263309,"ליד רכבת",רגילה,1,8.256880734,1.350917431,82,2,14,15,15,20,16,0,16.333333333,0.041666667,1.708333333,2.458333333,3.4375,6.125,2.5625,0
12035,"גשר ת. רכבת ב""""ש צפון/התבונה",התבונה,41,"באר שבע",34810580,31263328,"ליד רכבת","קצה עליה והורדה",5,18.965517241,1.250957854,185,3,34,34,33,48,33,0,59.270833333,0.083333333,8.6875,9.25,16.354166667,19.645833333,5.083333333,0.166666667
12566,"האנרגיה/חלקיקי האור",האנרגיה,0,"באר שבע",34811917,31263266,"תחנה רגילה",רגילה,'-,'-,'-,'-,'-,'-,'-,'-,'-,'-,'-,1,0.2,0,0.6,0.2,0,0,0
12556,"שדרות תורת היחסות/חלקיקי האור","שדרת תורת היחסות",0,"באר שבע",34812247,31263719,"תחנה רגילה",רגילה,1,13.114754098,1.106557377,82,2,14,15,15,20,16,0,1.863636364,0,0,0.136363636,0.454545455,1.045454545,0.227272727,0
18442,"פארק הייטק/התבונה",התבונה,14,"באר שבע",34811763,31264302,"תחנה רגילה",רגילה,2,4.761904762,1.492063492,129,2,22,24,24,32,25,0,37.833333333,0.041666667,3.583333333,4.5,5.791666667,18.5625,5.354166667,0
12465,"יעקוב מרש/התבונה","יעקב מרש",2,"באר שבע",34811863,31264849,"תחנה רגילה",רגילה,1,12.903225806,1.053763441,47,1,9,9,9,12,7,0,3.869565217,0,0.347826087,0.260869565,0.847826087,1.391304348,1.02173913,0
12568,"התבונה/חלקיקי האור",התבונה,12,"באר שבע",34812238,31264469,"תחנה רגילה",רגילה,'-,'-,'-,'-,'-,'-,'-,'-,'-,'-,'-,1,0,0.666666667,0.333333333,0,0,0,0
19731,"יעקב מרש/יצחק מודעי","יעקב מרש",0,"באר שבע",34810051,31266887,"תחנה רגילה",רגילה,3,14.912280702,1.061403509,118,3,22,21,21,28,23,0,18.25,0.083333333,0.458333333,2.875,10.875,3.166666667,0.791666667,0
19732,"יעקב מרש/זבולון המר","יעקב מרש",16,"באר שבע",34810215,31266997,"תחנה רגילה",רגילה,3,9.682804674,1.328881469,116,5,20,21,21,28,21,0,22.645833333,0,5.083333333,4.6875,5.0625,6.145833333,1.666666667,0
14455,"שדרות אורי צבי גרינברג/יעקב מרש","שדרות אורי צבי גרינברג",0,"באר שבע",34809043,31268020,"תחנה רגילה",רגילה,1,4.964539007,1.184397163,47,1,9,9,9,12,7,0,6.195652174,0,0.739130435,0.913043478,2.47826087,1.847826087,0.217391304,0
19741,"זבולון המר/אברהם שופט","זבולון המר",13,"באר שבע",34812097,31267374,"תחנה רגילה",רגילה,2,0.632911392,1.408227848,69,4,11,12,12,16,14,0,13.375,0.25,5.125,2.333333333,1.979166667,2.708333333,0.979166667,0
12567,"שדרות פרופ' נתן רוזן/החדשנות","שדרות פרופ' נתן רוזן",0,"באר שבע",34812902,31261679,"תחנה רגילה",רגילה,'-,'-,'-,'-,'-,'-,'-,'-,'-,'-,'-,1.5,0,0,1,0,0.5,0,0
12565,"ציר הזמן/האנרגיה","ציר הזמן",0,"באר שבע",34814321,31262309,"תחנה רגילה",רגילה,'-,'-,'-,'-,'-,'-,'-,'-,'-,'-,'-,1.333333333,0,0.333333333,0.333333333,0.333333333,0.333333333,0,0
12557,"שדרות תורת היחסות/החדשנות","שדרת תורת היחסות",19,"באר שבע",34813661,31263745,"תחנה רגילה",רגילה,1,26.041666667,1.0625,82,2,14,15,15,20,16,0,3.113636364,0.090909091,0,0.454545455,0.75,1.136363636,0.636363636,0.045454545
12560,"שדרות תורת היחסות/ציר הזמן","שדרת תורת היחסות",0,"באר שבע",34814590,31263960,"תחנה רגילה",רגילה,1,3.989592368,1.47094536,82,2,14,15,15,20,16,0,17.5,0,1.395833333,2.1875,5.5,5.604166667,2.8125,0
12563,"שדרות תורת היחסות/ציר הזמן","שדרת תורת היחסות",0,"באר שבע",34815190,31263791,"תחנה רגילה",רגילה,1,14.285714286,1.023809524,82,2,14,15,15,20,16,0,2.2,0.05,0.1,0.15,0.55,0.8,0.55,0
19742,"זבולון המר/שדרות בנ""""צ כרמל","זבולון המר",0,"באר שבע",34813056,31267865,"תחנה רגילה",רגילה,2,5.769230769,1.019230769,71,3,14,12,12,16,14,0,4.477272727,0.045454545,0.113636364,0.454545455,2.431818182,1.113636364,0.318181818,0
12692,"שדרות בנ""""צ כרמל/זבולון המר","שדרות בנ''צ כרמל",0,"באר שבע",34813465,31267849,"תחנה רגילה",רגילה,1,3.939393939,1.366666667,82,2,14,15,15,20,16,0,12.270833333,0,3.666666667,2.270833333,2.479166667,2.895833333,0.916666667,0.041666667
12693,"שדרות בנ""""צ כרמל/משה ברזאני","שדרות בנ''צ כרמל",0,"באר שבע",34813291,31268450,"תחנה רגילה",רגילה,'-,'-,'-,'-,'-,'-,'-,'-,'-,'-,'-,1,0,0,0.5,0.25,0.25,0,0
12694,"גשר בי""""ס בן גוריון/אורי צבי גרינברג","שדרות אורי צבי גרינברג",0,"באר שבע",34809561,31269714,"תחנה רגילה",רגילה,'-,50,2,'-,'-,'-,'-,'-,'-,'-,'-,1.166666667,0,0.166666667,0.333333333,0.166666667,0.5,0,0
14453,"שדרות אורי צבי גרינברג/דרך אביטל אביגדור","שדרות אורי צבי גרינברג",0,"באר שבע",34810251,31270734,"תחנה רגילה",רגילה,1,23.529411765,1.411764706,47,0,8,9,9,12,9,0,1,0.2,0.2,0.2,0.4,0,0,0
